ID,country,year,x
R6-21-4375,Philippines,2021,Asian SEA4
R6-21-4600,Philippines,2021,Asian SEA4
R6-4342,Philippines,2021,Asian SEA4
R6-4568,Philippines,2021,Asian SEA4
R7-21-161,Philippines,2021,Asian SEA4
Z-06-150,Philippines,2006,Asian SEA4
Z-98-1061,Philippines,1998,Asian SEA4
Z-98-285,Philippines,1998,Asian SEA4
Z-98-286,Philippines,1998,Asian SEA4
Z-98-454,Philippines,1998,Asian SEA4
Z-98-718,Philippines,1998,Asian SEA4
Z-98-780,Philippines,1998,Asian SEA4
Z-98-860,Philippines,1998,Asian SEA4
4A-22-203,Philippines,2022,Asian SEA4
4B-21-126,Philippines,2021,Asian SEA4
4B-21-29,Philippines,2021,Asian SEA4
4B-21-310,Philippines,2021,Asian SEA4
4B-21-35,Philippines,2021,Asian SEA4
4B-21-412,Philippines,2021,Asian SEA4
4B-21-421,Philippines,2021,Asian SEA4
4B-21-423,Philippines,2021,Asian SEA4
4B-21-528,Philippines,2021,Asian SEA4
4B-21622,Philippines,2022,Asian SEA4
4B-22-114,Philippines,2022,Asian SEA4
4B-22-15,Philippines,2022,Asian SEA4
4B-22-28,Philippines,2022,Asian SEA4
4B-22-30,Philippines,2022,Asian SEA4
4B-23-03,Philippines,2023,Asian SEA4
4B-23-04,Philippines,2023,Asian SEA4
4B-2422,Philippines,2022,Asian SEA4
4B-2922HM,Philippines,2022,Asian SEA4
Z-07-398,Philippines,2007,Asian SEA4
Z-07-407,Philippines,2007,Asian SEA4
Z-09-94,Philippines,2009,Asian SEA4
Z-12-012,Philippines,2012,Asian SEA4
Z-12-149,Philippines,2012,Asian SEA4
Z-13-071,Philippines,2013,Asian SEA4
Z-13-073,Philippines,2013,Asian SEA4
Z-13-094,Philippines,2013,Asian SEA4
Z-13-096,Philippines,2013,Asian SEA4
Z-13-134,Philippines,2013,Asian SEA4
Z-13-161,Philippines,2013,Asian SEA4
Z-14-098,Philippines,2014,Asian SEA4
Z-14-106,Philippines,2014,Asian SEA4
Z-14-126,Philippines,2014,Asian SEA4
Z-14-136,Philippines,2014,Asian SEA4
Z-15-001,Philippines,2015,Asian SEA4
Z-16-082,Philippines,2016,Asian SEA4
Z-16-196,Philippines,2016,Asian SEA4
Z-17-046,Philippines,2017,Asian SEA4
Z-17-174,Philippines,2017,Asian SEA4
Z-17-177,Philippines,2017,Asian SEA4
Z-17-193,Philippines,2017,Asian SEA4
Z-18-001,Philippines,2018,Asian SEA4
Z-18-251,Philippines,2018,Asian SEA4
Z-19-123,Philippines,2019,Asian SEA4
Z-20-33,Philippines,2020,Asian SEA4
Z-22-121,Philippines,2022,Asian SEA4
4A-22-104,Philippines,2022,Asian SEA4
4B-22-13,Philippines,2022,Asian SEA4
4B-22-16,Philippines,2022,Asian SEA4
4B-22-17,Philippines,2022,Asian SEA4
4B-22-20,Philippines,2022,Asian SEA4
4B-22-21,Philippines,2022,Asian SEA4
4B-22-31,Philippines,2022,Asian SEA4
4B-22-35,Philippines,2022,Asian SEA4
4B-22-37,Philippines,2022,Asian SEA4
4B-22-39,Philippines,2022,Asian SEA4
4B-22-40,Philippines,2022,Asian SEA4
4B-22-41,Philippines,2022,Asian SEA4
4B-22-42,Philippines,2022,Asian SEA4
4B-22-44,Philippines,2022,Asian SEA4
4B-22-45,Philippines,2022,Asian SEA4
4B-23-01,Philippines,2023,Asian SEA4
4B-23-02,Philippines,2023,Asian SEA4
4B-23-05,Philippines,2023,Asian SEA4
4B-23-06,Philippines,2023,Asian SEA4
4B-23-07,Philippines,2023,Asian SEA4
4B-23-11,Philippines,2023,Asian SEA4
4B-23-13,Philippines,2023,Asian SEA4
4B-23-15,Philippines,2023,Asian SEA4
4B-23-16,Philippines,2023,Asian SEA4
4B-23-17,Philippines,2023,Asian SEA4
4B-23-19,Philippines,2023,Asian SEA4
4B-2922JG,Philippines,2022,Asian SEA4
R1-21-148,Philippines,2021,Asian SEA4
R10-688,Philippines,2021,Asian SEA4
R10-711,Philippines,2021,Asian SEA4
R10-824,Philippines,2021,Asian SEA4
R10-856,Philippines,2021,Asian SEA4
R10-907,Philippines,2021,Asian SEA4
R10-920,Philippines,2021,Asian SEA4
R10-989,Philippines,2021,Asian SEA4
R10-990,Philippines,2021,Asian SEA4
R11-21-61,Philippines,2021,Asian SEA4
R11-21-63,Philippines,2021,Asian SEA4
R11-22-002,Philippines,2022,Asian SEA4
R3-731,Philippines,2021,Asian SEA4
R5-09,Philippines,2022,Asian SEA4
R5-21-115,Philippines,2021,Asian SEA4
R5-21-119,Philippines,2021,Asian SEA4
R5-21-128,Philippines,2021,Asian SEA4
R5-21-132,Philippines,2021,Asian SEA4
R5-21-136,Philippines,2021,Asian SEA4
R5-21-140,Philippines,2021,Asian SEA4
R5-22-008,Philippines,2022,Asian SEA4
R6-21-4511,Philippines,2021,Asian SEA4
R9-010,Philippines,2020,Asian SEA4
R9-074,Philippines,2021,Asian SEA4
R9-089,Philippines,2021,Asian SEA4
R9-105,Philippines,2021,Asian SEA4
RADDL3-1045,Philippines,2015,Asian SEA4
RADDL3-15-172,Philippines,2015,Asian SEA4
RADDL3-16-468,Philippines,2016,Asian SEA4
RADDL3-16-627,Philippines,2016,Asian SEA4
RADDL3-845,Philippines,2015,Asian SEA4
RADDL5-005,Philippines,2015,Asian SEA4
Z-05-191,Philippines,2005,Asian SEA4
Z-05-96,Philippines,2005,Asian SEA4
Z-07-366,Philippines,2007,Asian SEA4
Z-07-387,Philippines,2007,Asian SEA4
Z-12-029,Philippines,2012,Asian SEA4
Z-12-060,Philippines,2012,Asian SEA4
Z-12-208,Philippines,2012,Asian SEA4
Z-14-023,Philippines,2014,Asian SEA4
Z-14-033,Philippines,2014,Asian SEA4
Z-14-101,Philippines,2014,Asian SEA4
Z-14-182,Philippines,2014,Asian SEA4
Z-15-009,Philippines,2015,Asian SEA4
Z-16-150,Philippines,2016,Asian SEA4
Z-16-151,Philippines,2016,Asian SEA4
Z-17-200,Philippines,2017,Asian SEA4
Z-18-159,Philippines,2018,Asian SEA4
Z-18-224,Philippines,2018,Asian SEA4
Z-19-136,Philippines,2019,Asian SEA4
Z-19-88,Philippines,2019,Asian SEA4
Z-20-110,Philippines,2020,Asian SEA4
Z-20-24,Philippines,2020,Asian SEA4
Z-20-51,Philippines,2020,Asian SEA4
Z-22-103,Philippines,2022,Asian SEA4
Z-23-01,Philippines,2023,Asian SEA4
Z-23-01Sa,Philippines,2023,Asian SEA4
Z-98-433,Philippines,1998,Asian SEA4
R2-081,Philippines,2020,Asian SEA4
Z-13-065,Philippines,2013,Asian SEA4
Z-13-171,Philippines,2013,Asian SEA4
Z-13-184,Philippines,2013,Asian SEA4
Z-13-216,Philippines,2013,Asian SEA4
Z-16-209,Philippines,2016,Asian SEA4
Z-17-57,Philippines,2017,Asian SEA4
Z-19-029,Philippines,2019,Asian SEA4
Z-08-359,Philippines,2007,Asian SEA4
Z-13-081,Philippines,2013,Asian SEA4
Z-13-098,Philippines,2013,Asian SEA4
Z-13-204,Philippines,2013,Asian SEA4
Z-13-234,Philippines,2013,Asian SEA4
Z-14-243,Philippines,2014,Asian SEA4
Z-06-39,Philippines,2006,Asian SEA4
Z-98-616,Philippines,1998,Asian SEA4
Z-98-838,Philippines,1998,Asian SEA4
4A-22-40,Philippines,2022,Asian SEA4
4A-22-98,Philippines,2022,Asian SEA4
Z-06-295,Philippines,2006,Asian SEA4
Z-07-403,Philippines,2007,Asian SEA4
Z-08-351,Philippines,2007,Asian SEA4
4A-22-171,Philippines,2022,Asian SEA4
Z-07-07,Philippines,2007,Asian SEA4
Z-13-066,Philippines,2013,Asian SEA4
Z-13-089,Philippines,2013,Asian SEA4
Z-13-135,Philippines,2013,Asian SEA4
Z-16-210,Philippines,2016,Asian SEA4
Z-18-114,Philippines,2018,Asian SEA4
Z-13-259,Philippines,2013,Asian SEA4
Z-14-05,Philippines,2014,Asian SEA4
Z-14-142,Philippines,2014,Asian SEA4
Z-15-163,Philippines,2015,Asian SEA4
Z-16-211,Philippines,2016,Asian SEA4
Z-17-221,Philippines,2017,Asian SEA4
Z-20-01,Philippines,2020,Asian SEA4
Z-05-102,Philippines,2005,Asian SEA4
Z-05-557,Philippines,2005,Asian SEA4
Z-07-351,Philippines,2007,Asian SEA4
Z-07-38,Philippines,2007,Asian SEA4
Z-13-020,Philippines,2013,Asian SEA4
Z-13-032,Philippines,2013,Asian SEA4
Z-13-036,Philippines,2013,Asian SEA4
Z-13-086,Philippines,2013,Asian SEA4
Z-14-058,Philippines,2014,Asian SEA4
Z-98-515,Philippines,1998,Asian SEA4
153,Philippines,2018,Asian SEA4
4B-23-12,Philippines,2023,Asian SEA4
R10-714,Philippines,2021,Asian SEA4
RADDL1-16-153,Philippines,2016,Asian SEA4
RADDL1-16-166,Philippines,2016,Asian SEA4
RADDL3-16-1008,Philippines,2016,Asian SEA4
RADDL3-16-521,Philippines,2016,Asian SEA4
Z-17-217,Philippines,2017,Asian SEA4
Z-22-119,Philippines,2022,Asian SEA4
R2-22-5302,Philippines,2022,Asian SEA4
R2-22-5814,Philippines,2022,Asian SEA4
R2-22-84711,Philippines,2022,Asian SEA4
R2-22-8924,Philippines,2022,Asian SEA4
